,Name,Height,Weight,Base_Experience,Type,Abilities,Speed,Special_Defense,Special_Attack,Defense,Attack,HP
1,Bulbasaur,7,69,64,"Poison,Grass","Chlorophyll,Overgrow",45,65,65,49,49,45
2,Ivysaur,10,130,142,"Poison,Grass","Chlorophyll,Overgrow",60,80,80,63,62,60
3,Venusaur,20,1000,236,"Poison,Grass","Chlorophyll,Overgrow",80,100,100,83,82,80
4,Charmander,6,85,62,Fire,"Solar-Power,Blaze",65,50,60,43,52,39
5,Charmeleon,11,190,142,Fire,"Solar-Power,Blaze",80,65,80,58,64,58
6,Charizard,17,905,240,"Flying,Fire","Solar-Power,Blaze",100,85,109,78,84,78
7,Squirtle,5,90,63,Water,"Rain-Dish,Torrent",43,64,50,65,48,44
8,Wartortle,10,225,142,Water,"Rain-Dish,Torrent",58,80,65,80,63,59
9,Blastoise,16,855,239,Water,"Rain-Dish,Torrent",78,105,85,100,83,79
10,Caterpie,3,29,39,Bug,"Run-Away,Shield-Dust",45,20,20,35,30,45
11,Metapod,7,99,72,Bug,Shed-Skin,30,25,25,55,20,50
12,Butterfree,11,320,178,"Flying,Bug","Tinted-Lens,Compound-Eyes",70,80,90,50,45,60
13,Weedle,3,32,39,"Poison,Bug","Run-Away,Shield-Dust",50,20,20,30,35,40
14,Kakuna,6,100,72,"Poison,Bug",Shed-Skin,35,25,25,50,25,45
15,Beedrill,10,295,178,"Poison,Bug","Sniper,Swarm",75,80,45,40,90,65
16,Pidgey,3,18,50,"Flying,Normal","Big-Pecks,Tangled-Feet,Keen-Eye",56,35,35,40,45,40
17,Pidgeotto,11,300,122,"Flying,Normal","Big-Pecks,Tangled-Feet,Keen-Eye",71,50,50,55,60,63
18,Pidgeot,15,395,216,"Flying,Normal","Big-Pecks,Tangled-Feet,Keen-Eye",101,70,70,75,80,83
19,Rattata,3,35,51,Normal,"Hustle,Guts,Run-Away",72,35,25,35,56,30
20,Raticate,7,185,145,Normal,"Hustle,Guts,Run-Away",97,70,50,60,81,55
21,Spearow,3,20,52,"Flying,Normal","Sniper,Keen-Eye",70,31,31,30,60,40
22,Fearow,12,380,155,"Flying,Normal","Sniper,Keen-Eye",100,61,61,65,90,65
23,Ekans,20,69,58,Poison,"Unnerve,Shed-Skin,Intimidate",55,54,40,44,60,35
24,Arbok,35,650,157,Poison,"Unnerve,Shed-Skin,Intimidate",80,79,65,69,95,60
25,Pikachu,4,60,112,Electric,"Lightning-Rod,Static",90,50,50,40,55,35
26,Raichu,8,300,218,Electric,"Lightning-Rod,Static",110,80,90,55,90,60
27,Sandshrew,6,120,60,Ground,"Sand-Rush,Sand-Veil",40,30,20,85,75,50
28,Sandslash,10,295,158,Ground,"Sand-Rush,Sand-Veil",65,55,45,110,100,75
29,Nidoran-F,4,70,55,Poison,"Hustle,Rivalry,Poison-Point",41,40,40,52,47,55
30,Nidorina,8,200,128,Poison,"Hustle,Rivalry,Poison-Point",56,55,55,67,62,70
31,Nidoqueen,13,600,227,"Ground,Poison","Sheer-Force,Rivalry,Poison-Point",76,85,75,87,92,90
32,Nidoran-M,5,90,55,Poison,"Hustle,Rivalry,Poison-Point",50,40,40,40,57,46
33,Nidorino,9,195,128,Poison,"Hustle,Rivalry,Poison-Point",65,55,55,57,72,61
34,Nidoking,14,620,227,"Ground,Poison","Sheer-Force,Rivalry,Poison-Point",85,75,85,77,102,81
35,Clefairy,6,75,113,Fairy,"Friend-Guard,Magic-Guard,Cute-Charm",35,65,60,48,45,70
36,Clefable,13,400,217,Fairy,"Unaware,Magic-Guard,Cute-Charm",60,90,95,73,70,95
37,Vulpix,6,99,60,Fire,"Drought,Flash-Fire",65,65,50,40,41,38
38,Ninetales,11,199,177,Fire,"Drought,Flash-Fire",100,100,81,75,76,73
39,Jigglypuff,5,55,95,"Fairy,Normal","Friend-Guard,Competitive,Cute-Charm",20,25,45,20,45,115
40,Wigglytuff,10,120,196,"Fairy,Normal","Frisk,Competitive,Cute-Charm",45,50,85,45,70,140
41,Zubat,8,75,49,"Flying,Poison","Infiltrator,Inner-Focus",55,40,30,35,45,40
42,Golbat,16,550,159,"Flying,Poison","Infiltrator,Inner-Focus",90,75,65,70,80,75
43,Oddish,5,54,64,"Poison,Grass","Run-Away,Chlorophyll",30,65,75,55,50,45
44,Gloom,8,86,138,"Poison,Grass","Stench,Chlorophyll",40,75,85,70,65,60
45,Vileplume,12,186,221,"Poison,Grass","Effect-Spore,Chlorophyll",50,90,110,85,80,75
46,Paras,3,54,57,"Grass,Bug","Damp,Dry-Skin,Effect-Spore",25,55,45,55,70,35
47,Parasect,10,295,142,"Grass,Bug","Damp,Dry-Skin,Effect-Spore",30,80,60,80,95,60
48,Venonat,10,300,61,"Poison,Bug","Run-Away,Tinted-Lens,Compound-Eyes",45,55,40,50,55,60
49,Venomoth,15,125,158,"Poison,Bug","Wonder-Skin,Tinted-Lens,Shield-Dust",90,75,90,60,65,70
50,Diglett,2,8,53,Ground,"Sand-Force,Arena-Trap,Sand-Veil",95,45,35,25,55,10
51,Dugtrio,7,333,149,Ground,"Sand-Force,Arena-Trap,Sand-Veil",120,70,50,50,100,35
52,Meowth,4,42,58,Normal,"Unnerve,Technician,Pickup",90,40,40,35,45,40
53,Persian,10,320,154,Normal,"Unnerve,Technician,Limber",115,65,65,60,70,65
54,Psyduck,8,196,64,Water,"Swift-Swim,Cloud-Nine,Damp",55,50,65,48,52,50
55,Golduck,17,766,175,Water,"Swift-Swim,Cloud-Nine,Damp",85,80,95,78,82,80
56,Mankey,5,280,61,Fighting,"Defiant,Anger-Point,Vital-Spirit",70,45,35,35,80,40
57,Primeape,10,320,159,Fighting,"Defiant,Anger-Point,Vital-Spirit",95,70,60,60,105,65
58,Growlithe,7,190,70,Fire,"Justified,Flash-Fire,Intimidate",60,50,70,45,70,55
59,Arcanine,19,1550,194,Fire,"Justified,Flash-Fire,Intimidate",95,80,100,80,110,90
60,Poliwag,6,124,60,Water,"Swift-Swim,Damp,Water-Absorb",90,40,40,40,50,40
61,Poliwhirl,10,200,135,Water,"Swift-Swim,Damp,Water-Absorb",90,50,50,65,65,65
62,Poliwrath,13,540,230,"Fighting,Water","Swift-Swim,Damp,Water-Absorb",70,90,70,95,95,90
63,Abra,9,195,62,Psychic,"Magic-Guard,Inner-Focus,Synchronize",90,55,105,15,20,25
64,Kadabra,13,565,140,Psychic,"Magic-Guard,Inner-Focus,Synchronize",105,70,120,30,35,40
65,Alakazam,15,480,225,Psychic,"Magic-Guard,Inner-Focus,Synchronize",120,95,135,45,50,55
66,Machop,8,195,61,Fighting,"Steadfast,No-Guard,Guts",35,35,35,50,80,70
67,Machoke,15,705,142,Fighting,"Steadfast,No-Guard,Guts",45,60,50,70,100,80
68,Machamp,16,1300,227,Fighting,"Steadfast,No-Guard,Guts",55,85,65,80,130,90
69,Bellsprout,7,40,60,"Poison,Grass","Gluttony,Chlorophyll",40,30,70,35,75,50
70,Weepinbell,10,64,137,"Poison,Grass","Gluttony,Chlorophyll",55,45,85,50,90,65
71,Victreebel,17,155,221,"Poison,Grass","Gluttony,Chlorophyll",70,70,100,65,105,80
72,Tentacool,9,455,67,"Poison,Water","Rain-Dish,Liquid-Ooze,Clear-Body",70,100,50,35,40,40
73,Tentacruel,16,550,180,"Poison,Water","Rain-Dish,Liquid-Ooze,Clear-Body",100,120,80,65,70,80
74,Geodude,4,200,60,"Ground,Rock","Sand-Veil,Sturdy,Rock-Head",20,30,30,100,80,40
75,Graveler,10,1050,137,"Ground,Rock","Sand-Veil,Sturdy,Rock-Head",35,45,45,115,95,55
76,Golem,14,3000,223,"Ground,Rock","Sand-Veil,Sturdy,Rock-Head",45,65,55,130,120,80
77,Ponyta,10,300,82,Fire,"Flame-Body,Flash-Fire,Run-Away",90,65,65,55,85,50
78,Rapidash,17,950,175,Fire,"Flame-Body,Flash-Fire,Run-Away",105,80,80,70,100,65
79,Slowpoke,12,360,63,"Psychic,Water","Regenerator,Own-Tempo,Oblivious",15,40,40,65,65,90
80,Slowbro,16,785,172,"Psychic,Water","Regenerator,Own-Tempo,Oblivious",30,80,100,110,75,95
81,Magnemite,3,60,65,"Steel,Electric","Analytic,Sturdy,Magnet-Pull",45,55,95,70,35,25
82,Magneton,10,600,163,"Steel,Electric","Analytic,Sturdy,Magnet-Pull",70,70,120,95,60,50
83,Farfetchd,8,150,132,"Flying,Normal","Defiant,Inner-Focus,Keen-Eye",60,62,58,55,90,52
84,Doduo,14,392,62,"Flying,Normal","Tangled-Feet,Early-Bird,Run-Away",75,35,35,45,85,35
85,Dodrio,18,852,165,"Flying,Normal","Tangled-Feet,Early-Bird,Run-Away",110,60,60,70,110,60
86,Seel,11,900,65,Water,"Ice-Body,Hydration,Thick-Fat",45,70,45,55,45,65
87,Dewgong,17,1200,166,"Ice,Water","Ice-Body,Hydration,Thick-Fat",70,95,70,80,70,90
88,Grimer,9,300,65,Poison,"Poison-Touch,Sticky-Hold,Stench",25,50,40,50,80,80
89,Muk,12,300,175,Poison,"Poison-Touch,Sticky-Hold,Stench",50,100,65,75,105,105
90,Shellder,3,40,61,Water,"Overcoat,Skill-Link,Shell-Armor",40,25,45,100,65,30
91,Cloyster,15,1325,184,"Ice,Water","Overcoat,Skill-Link,Shell-Armor",70,45,85,180,95,50
92,Gastly,13,1,62,"Poison,Ghost",Levitate,80,35,100,30,35,30
93,Haunter,16,1,142,"Poison,Ghost",Levitate,95,55,115,45,50,45
94,Gengar,15,405,225,"Poison,Ghost",Cursed-Body,110,75,130,60,65,60
95,Onix,88,2100,77,"Ground,Rock","Weak-Armor,Sturdy,Rock-Head",70,45,30,160,45,35
96,Drowzee,10,324,66,Psychic,"Inner-Focus,Forewarn,Insomnia",42,90,43,45,48,60
97,Hypno,16,756,169,Psychic,"Inner-Focus,Forewarn,Insomnia",67,115,73,70,73,85
98,Krabby,4,65,65,Water,"Sheer-Force,Shell-Armor,Hyper-Cutter",50,25,25,90,105,30
99,Kingler,13,600,166,Water,"Sheer-Force,Shell-Armor,Hyper-Cutter",75,50,50,115,130,55
100,Voltorb,5,104,66,Electric,"Aftermath,Static,Soundproof",100,55,55,50,30,40
101,Electrode,12,666,172,Electric,"Aftermath,Static,Soundproof",150,80,80,70,50,60
102,Exeggcute,4,25,65,"Psychic,Grass","Harvest,Chlorophyll",40,45,60,80,40,60
103,Exeggutor,20,1200,186,"Psychic,Grass","Harvest,Chlorophyll",55,75,125,85,95,95
104,Cubone,4,65,64,Ground,"Battle-Armor,Lightning-Rod,Rock-Head",35,50,40,95,50,50
105,Marowak,10,450,149,Ground,"Battle-Armor,Lightning-Rod,Rock-Head",45,80,50,110,80,60
106,Hitmonlee,15,498,159,Fighting,"Unburden,Reckless,Limber",87,110,35,53,120,50
107,Hitmonchan,14,502,159,Fighting,"Inner-Focus,Iron-Fist,Keen-Eye",76,110,35,79,105,50
108,Lickitung,12,655,77,Normal,"Cloud-Nine,Oblivious,Own-Tempo",30,75,60,75,55,90
109,Koffing,6,10,68,Poison,Levitate,35,45,60,95,65,40
110,Weezing,12,95,172,Poison,Levitate,60,70,85,120,90,65
111,Rhyhorn,10,1150,69,"Rock,Ground","Reckless,Rock-Head,Lightning-Rod",25,30,30,95,85,80
112,Rhydon,19,1200,170,"Rock,Ground","Reckless,Rock-Head,Lightning-Rod",40,45,45,120,130,105
113,Chansey,11,346,395,Normal,"Healer,Serene-Grace,Natural-Cure",50,105,35,5,5,250
114,Tangela,10,350,87,Grass,"Regenerator,Leaf-Guard,Chlorophyll",60,40,100,115,55,65
115,Kangaskhan,22,800,172,Normal,"Inner-Focus,Scrappy,Early-Bird",90,80,40,80,95,105
116,Horsea,4,80,59,Water,"Damp,Sniper,Swift-Swim",60,25,70,70,40,30
117,Seadra,12,250,154,Water,"Damp,Sniper,Poison-Point",85,45,95,95,65,55
118,Goldeen,6,150,64,Water,"Lightning-Rod,Water-Veil,Swift-Swim",63,50,35,60,67,45
119,Seaking,13,390,158,Water,"Lightning-Rod,Water-Veil,Swift-Swim",68,80,65,65,92,80
120,Staryu,8,345,68,Water,"Analytic,Natural-Cure,Illuminate",85,55,70,55,45,30
121,Starmie,11,800,182,"Psychic,Water","Analytic,Natural-Cure,Illuminate",115,85,100,85,75,60
122,Mr-Mime,13,545,161,"Fairy,Psychic","Technician,Filter,Soundproof",90,120,100,65,45,40
123,Scyther,15,560,100,"Flying,Bug","Steadfast,Technician,Swarm",105,80,55,80,110,70
124,Jynx,14,406,159,"Psychic,Ice","Dry-Skin,Forewarn,Oblivious",95,95,115,35,50,65
125,Electabuzz,11,300,172,Electric,"Vital-Spirit,Static",105,85,95,57,83,65
126,Magmar,13,445,173,Fire,"Vital-Spirit,Flame-Body",93,85,100,57,95,65
127,Pinsir,15,550,175,Bug,"Moxie,Mold-Breaker,Hyper-Cutter",85,70,55,100,125,65
128,Tauros,14,884,172,Normal,"Sheer-Force,Anger-Point,Intimidate",110,70,40,95,100,75
129,Magikarp,9,100,40,Water,"Rattled,Swift-Swim",80,20,15,55,10,20
130,Gyarados,65,2350,189,"Flying,Water","Moxie,Intimidate",81,100,60,79,125,95
131,Lapras,25,2200,187,"Ice,Water","Hydration,Shell-Armor,Water-Absorb",60,95,85,80,85,130
132,Ditto,3,40,101,Normal,"Imposter,Limber",48,48,48,48,48,48
133,Eevee,3,65,65,Normal,"Anticipation,Adaptability,Run-Away",55,65,45,50,55,55
134,Vaporeon,10,290,184,Water,"Hydration,Water-Absorb",65,95,110,60,65,130
135,Jolteon,8,245,184,Electric,"Quick-Feet,Volt-Absorb",130,95,110,60,65,65
136,Flareon,9,250,184,Fire,"Guts,Flash-Fire",65,110,95,60,130,65
137,Porygon,8,365,79,Normal,"Analytic,Download,Trace",40,75,85,70,60,65
138,Omanyte,4,75,71,"Water,Rock","Weak-Armor,Shell-Armor,Swift-Swim",35,55,90,100,40,35
139,Omastar,10,350,173,"Water,Rock","Weak-Armor,Shell-Armor,Swift-Swim",55,70,115,125,60,70
140,Kabuto,5,115,71,"Water,Rock","Weak-Armor,Battle-Armor,Swift-Swim",55,45,55,90,80,30
141,Kabutops,13,405,173,"Water,Rock","Weak-Armor,Battle-Armor,Swift-Swim",80,70,65,105,115,60
142,Aerodactyl,18,590,180,"Flying,Rock","Unnerve,Pressure,Rock-Head",130,75,60,65,105,80
143,Snorlax,21,4600,189,Normal,"Gluttony,Thick-Fat,Immunity",30,110,65,65,110,160
144,Articuno,17,554,261,"Flying,Ice","Snow-Cloak,Pressure",85,125,95,100,85,90
145,Zapdos,16,526,261,"Flying,Electric","Static,Pressure",100,90,125,85,90,90
146,Moltres,20,600,261,"Flying,Fire","Flame-Body,Pressure",90,85,125,90,100,90
147,Dratini,18,33,60,Dragon,"Marvel-Scale,Shed-Skin",50,50,50,45,64,41
148,Dragonair,40,165,147,Dragon,"Marvel-Scale,Shed-Skin",70,70,70,65,84,61
149,Dragonite,22,2100,270,"Flying,Dragon","Multiscale,Inner-Focus",80,100,100,95,134,91
150,Mewtwo,20,1220,306,Psychic,"Unnerve,Pressure",130,90,154,90,110,106
151,Mew,4,40,270,Psychic,Synchronize,100,100,100,100,100,100
152,Chikorita,9,64,64,Grass,"Leaf-Guard,Overgrow",45,65,49,65,49,45
153,Bayleef,12,158,142,Grass,"Leaf-Guard,Overgrow",60,80,63,80,62,60
154,Meganium,18,1005,236,Grass,"Leaf-Guard,Overgrow",80,100,83,100,82,80
155,Cyndaquil,5,79,62,Fire,"Flash-Fire,Blaze",65,50,60,43,52,39
156,Quilava,9,190,142,Fire,"Flash-Fire,Blaze",80,65,80,58,64,58
157,Typhlosion,17,795,240,Fire,"Flash-Fire,Blaze",100,85,109,78,84,78
158,Totodile,6,95,63,Water,"Sheer-Force,Torrent",43,48,44,64,65,50
159,Croconaw,11,250,142,Water,"Sheer-Force,Torrent",58,63,59,80,80,65
160,Feraligatr,23,888,239,Water,"Sheer-Force,Torrent",78,83,79,100,105,85
161,Sentret,8,60,43,Normal,"Frisk,Keen-Eye,Run-Away",20,45,35,34,46,35
162,Furret,18,325,145,Normal,"Frisk,Keen-Eye,Run-Away",90,55,45,64,76,85
163,Hoothoot,7,212,52,"Flying,Normal","Tinted-Lens,Keen-Eye,Insomnia",50,56,36,30,30,60
164,Noctowl,16,408,158,"Flying,Normal","Tinted-Lens,Keen-Eye,Insomnia",70,96,86,50,50,100
165,Ledyba,10,108,53,"Flying,Bug","Rattled,Early-Bird,Swarm",55,80,40,30,20,40
166,Ledian,14,356,137,"Flying,Bug","Iron-Fist,Early-Bird,Swarm",85,110,55,50,35,55
167,Spinarak,5,85,50,"Poison,Bug","Sniper,Insomnia,Swarm",30,40,40,40,60,40
168,Ariados,11,335,140,"Poison,Bug","Sniper,Insomnia,Swarm",40,70,60,70,90,70
169,Crobat,18,750,241,"Flying,Poison","Infiltrator,Inner-Focus",130,80,70,80,90,85
170,Chinchou,5,120,66,"Electric,Water","Water-Absorb,Illuminate,Volt-Absorb",67,56,56,38,38,75
171,Lanturn,12,225,161,"Electric,Water","Water-Absorb,Illuminate,Volt-Absorb",67,76,76,58,58,125
172,Pichu,3,20,41,Electric,"Lightning-Rod,Static",60,35,35,15,40,20
173,Cleffa,3,30,44,Fairy,"Friend-Guard,Magic-Guard,Cute-Charm",15,55,45,28,25,50
174,Igglybuff,3,10,42,"Fairy,Normal","Friend-Guard,Competitive,Cute-Charm",15,20,40,15,30,90
175,Togepi,3,15,49,Fairy,"Super-Luck,Serene-Grace,Hustle",20,65,40,65,20,35
176,Togetic,6,32,142,"Flying,Fairy","Super-Luck,Serene-Grace,Hustle",40,105,80,85,40,55
177,Natu,2,20,64,"Flying,Psychic","Magic-Bounce,Early-Bird,Synchronize",70,45,70,45,50,40
178,Xatu,15,150,165,"Flying,Psychic","Magic-Bounce,Early-Bird,Synchronize",95,70,95,70,75,65
179,Mareep,6,78,56,Electric,"Plus,Static",35,45,65,40,40,55
180,Flaaffy,8,133,128,Electric,"Plus,Static",45,60,80,55,55,70
181,Ampharos,14,615,230,Electric,"Plus,Static",55,90,115,85,75,90
182,Bellossom,4,58,221,Grass,"Healer,Chlorophyll",50,100,90,95,80,75
183,Marill,4,85,88,"Fairy,Water","Sap-Sipper,Huge-Power,Thick-Fat",40,50,20,50,20,70
184,Azumarill,8,285,189,"Fairy,Water","Sap-Sipper,Huge-Power,Thick-Fat",50,80,60,80,50,100
185,Sudowoodo,12,380,144,Rock,"Rattled,Rock-Head,Sturdy",30,65,30,115,100,70
186,Politoed,11,339,225,Water,"Drizzle,Damp,Water-Absorb",70,100,90,75,75,90
187,Hoppip,4,5,50,"Flying,Grass","Infiltrator,Leaf-Guard,Chlorophyll",50,55,35,40,35,35
188,Skiploom,6,10,119,"Flying,Grass","Infiltrator,Leaf-Guard,Chlorophyll",80,65,45,50,45,55
189,Jumpluff,8,30,207,"Flying,Grass","Infiltrator,Leaf-Guard,Chlorophyll",110,95,55,70,55,75
190,Aipom,8,115,72,Normal,"Skill-Link,Pickup,Run-Away",85,55,40,55,70,55
191,Sunkern,3,18,36,Grass,"Early-Bird,Solar-Power,Chlorophyll",30,30,30,30,30,30
192,Sunflora,8,85,149,Grass,"Early-Bird,Solar-Power,Chlorophyll",30,85,105,55,75,75
193,Yanma,12,380,78,"Flying,Bug","Frisk,Compound-Eyes,Speed-Boost",95,45,75,45,65,65
194,Wooper,4,85,42,"Ground,Water","Unaware,Water-Absorb,Damp",15,25,25,45,45,55
195,Quagsire,14,750,151,"Ground,Water","Unaware,Water-Absorb,Damp",35,65,65,85,85,95
196,Espeon,9,265,184,Psychic,"Magic-Bounce,Synchronize",110,95,130,60,65,65
197,Umbreon,10,270,184,Dark,"Inner-Focus,Synchronize",65,130,60,110,65,95
198,Murkrow,5,21,81,"Flying,Dark","Prankster,Super-Luck,Insomnia",91,42,85,42,85,60
199,Slowking,20,795,172,"Psychic,Water","Regenerator,Own-Tempo,Oblivious",30,110,100,80,75,95
200,Misdreavus,7,10,87,Ghost,Levitate,85,85,85,60,60,60
201,Unown,5,50,118,Psychic,Levitate,48,48,72,48,72,48
202,Wobbuffet,13,285,142,Psychic,"Telepathy,Shadow-Tag",33,58,33,58,33,190
203,Girafarig,15,415,159,"Psychic,Normal","Sap-Sipper,Early-Bird,Inner-Focus",85,65,90,65,80,70
204,Pineco,6,72,58,Bug,"Overcoat,Sturdy",15,35,35,90,65,50
205,Forretress,12,1258,163,"Steel,Bug","Overcoat,Sturdy",40,60,60,140,90,75
206,Dunsparce,15,140,145,Normal,"Rattled,Run-Away,Serene-Grace",45,65,65,70,70,100
207,Gligar,11,648,86,"Flying,Ground","Immunity,Sand-Veil,Hyper-Cutter",85,65,35,105,75,65
208,Steelix,92,4000,179,"Ground,Steel","Sheer-Force,Sturdy,Rock-Head",30,65,55,200,85,75
209,Snubbull,6,78,60,Fairy,"Rattled,Run-Away,Intimidate",30,40,40,50,80,60
210,Granbull,14,487,158,Fairy,"Rattled,Quick-Feet,Intimidate",45,60,60,75,120,90
211,Qwilfish,5,39,88,"Poison,Water","Intimidate,Swift-Swim,Poison-Point",85,55,55,85,95,65
212,Scizor,18,1180,175,"Steel,Bug","Light-Metal,Technician,Swarm",65,80,55,100,130,70
213,Shuckle,6,205,177,"Rock,Bug","Contrary,Gluttony,Sturdy",5,230,10,230,10,20
214,Heracross,15,540,175,"Fighting,Bug","Moxie,Guts,Swarm",85,95,40,75,125,80
215,Sneasel,9,280,86,"Ice,Dark","Pickpocket,Keen-Eye,Inner-Focus",115,75,35,55,95,55
216,Teddiursa,6,88,66,Normal,"Honey-Gather,Quick-Feet,Pickup",40,50,50,50,80,60
217,Ursaring,18,1258,175,Normal,"Unnerve,Quick-Feet,Guts",55,75,75,75,130,90
218,Slugma,7,350,50,Fire,"Weak-Armor,Flame-Body,Magma-Armor",20,40,70,40,40,40
219,Magcargo,8,550,151,"Rock,Fire","Weak-Armor,Flame-Body,Magma-Armor",30,80,90,120,50,60
220,Swinub,4,65,50,"Ground,Ice","Thick-Fat,Snow-Cloak,Oblivious",50,30,30,40,50,50
221,Piloswine,11,558,158,"Ground,Ice","Thick-Fat,Snow-Cloak,Oblivious",50,60,60,80,100,100
222,Corsola,6,50,144,"Rock,Water","Regenerator,Natural-Cure,Hustle",35,95,65,95,55,65
223,Remoraid,6,120,60,Water,"Moody,Sniper,Hustle",65,35,65,35,65,35
224,Octillery,9,285,168,Water,"Moody,Sniper,Suction-Cups",45,75,105,75,105,75
225,Delibird,9,160,116,"Flying,Ice","Insomnia,Hustle,Vital-Spirit",75,45,65,45,55,45
226,Mantine,21,2200,170,"Flying,Water","Water-Veil,Water-Absorb,Swift-Swim",70,140,80,70,40,85
227,Skarmory,17,505,163,"Flying,Steel","Weak-Armor,Sturdy,Keen-Eye",70,70,40,140,80,65
228,Houndour,6,108,66,"Fire,Dark","Unnerve,Flash-Fire,Early-Bird",65,50,80,30,60,45
229,Houndoom,14,350,175,"Fire,Dark","Unnerve,Flash-Fire,Early-Bird",95,80,110,50,90,75
230,Kingdra,18,1520,243,"Dragon,Water","Damp,Sniper,Swift-Swim",85,95,95,95,95,75
231,Phanpy,5,335,66,Ground,"Sand-Veil,Pickup",40,40,40,60,60,90
232,Donphan,11,1200,175,Ground,"Sand-Veil,Sturdy",50,60,60,120,120,90
233,Porygon2,6,325,180,Normal,"Analytic,Download,Trace",60,95,105,90,80,85
234,Stantler,14,712,163,Normal,"Sap-Sipper,Frisk,Intimidate",85,65,85,62,95,73
235,Smeargle,12,580,88,Normal,"Moody,Technician,Own-Tempo",75,45,20,35,20,55
236,Tyrogue,7,210,42,Fighting,"Vital-Spirit,Steadfast,Guts",35,35,35,35,35,35
237,Hitmontop,14,480,159,Fighting,"Steadfast,Technician,Intimidate",70,110,35,95,95,50
238,Smoochum,4,60,61,"Psychic,Ice","Hydration,Forewarn,Oblivious",65,65,85,15,30,45
239,Elekid,6,235,72,Electric,"Vital-Spirit,Static",95,55,65,37,63,45
240,Magby,7,214,73,Fire,"Vital-Spirit,Flame-Body",83,55,70,37,75,45
241,Miltank,12,755,172,Normal,"Sap-Sipper,Scrappy,Thick-Fat",100,70,40,105,80,95
242,Blissey,15,468,608,Normal,"Healer,Serene-Grace,Natural-Cure",55,135,75,10,10,255
243,Raikou,19,1780,261,Electric,"Inner-Focus,Pressure",115,100,115,75,85,90
244,Entei,21,1980,261,Fire,"Inner-Focus,Pressure",100,75,90,85,115,115
245,Suicune,20,1870,261,Water,"Inner-Focus,Pressure",85,115,90,115,75,100
246,Larvitar,6,720,60,"Ground,Rock","Sand-Veil,Guts",41,50,45,50,64,50
247,Pupitar,12,1520,144,"Ground,Rock",Shed-Skin,51,70,65,70,84,70
248,Tyranitar,20,2020,270,"Dark,Rock","Unnerve,Sand-Stream",61,100,95,110,134,100
249,Lugia,52,2160,306,"Flying,Psychic","Multiscale,Pressure",110,154,90,130,90,106
250,Ho-Oh,38,1990,306,"Flying,Fire","Regenerator,Pressure",90,154,110,90,130,106
251,Celebi,6,50,270,"Grass,Psychic",Natural-Cure,100,100,100,100,100,100
252,Treecko,5,50,62,Grass,"Unburden,Overgrow",70,55,65,35,45,40
253,Grovyle,9,216,142,Grass,"Unburden,Overgrow",95,65,85,45,65,50
254,Sceptile,17,522,239,Grass,"Unburden,Overgrow",120,85,105,65,85,70
255,Torchic,4,25,62,Fire,"Speed-Boost,Blaze",45,50,70,40,60,45
256,Combusken,9,195,142,"Fighting,Fire","Speed-Boost,Blaze",55,60,85,60,85,60
257,Blaziken,19,520,239,"Fighting,Fire","Speed-Boost,Blaze",80,70,110,70,120,80
258,Mudkip,4,76,62,Water,"Damp,Torrent",40,50,50,50,70,50
259,Marshtomp,7,280,142,"Ground,Water","Damp,Torrent",50,70,60,70,85,70
260,Swampert,15,819,241,"Ground,Water","Damp,Torrent",60,90,85,90,110,100
261,Poochyena,5,136,56,Dark,"Rattled,Quick-Feet,Run-Away",35,30,30,35,55,35
262,Mightyena,10,370,147,Dark,"Moxie,Quick-Feet,Intimidate",70,60,60,70,90,70
263,Zigzagoon,4,175,56,Normal,"Quick-Feet,Gluttony,Pickup",60,41,30,41,30,38
264,Linoone,5,325,147,Normal,"Quick-Feet,Gluttony,Pickup",100,61,50,61,70,78
265,Wurmple,3,36,56,Bug,"Run-Away,Shield-Dust",20,30,20,35,45,45
266,Silcoon,6,100,72,Bug,Shed-Skin,15,25,25,55,35,50
267,Beautifly,10,284,178,"Flying,Bug","Rivalry,Swarm",65,50,100,50,70,60
268,Cascoon,7,115,72,Bug,Shed-Skin,15,25,25,55,35,50
269,Dustox,12,316,173,"Poison,Bug","Compound-Eyes,Shield-Dust",65,90,50,70,50,60
270,Lotad,5,26,44,"Grass,Water","Own-Tempo,Rain-Dish,Swift-Swim",30,50,40,30,30,40
271,Lombre,12,325,119,"Grass,Water","Own-Tempo,Rain-Dish,Swift-Swim",50,70,60,50,50,60
272,Ludicolo,15,550,216,"Grass,Water","Own-Tempo,Rain-Dish,Swift-Swim",70,100,90,70,70,80
273,Seedot,5,40,44,Grass,"Pickpocket,Early-Bird,Chlorophyll",30,30,30,50,40,40
274,Nuzleaf,10,280,119,"Dark,Grass","Pickpocket,Early-Bird,Chlorophyll",60,40,60,40,70,70
275,Shiftry,13,596,216,"Dark,Grass","Pickpocket,Early-Bird,Chlorophyll",80,60,90,60,100,90
276,Taillow,3,23,54,"Flying,Normal","Scrappy,Guts",85,30,30,30,55,40
277,Swellow,7,198,159,"Flying,Normal","Scrappy,Guts",125,50,75,60,85,60
278,Wingull,6,95,54,"Flying,Water","Rain-Dish,Hydration,Keen-Eye",85,30,55,30,30,40
279,Pelipper,12,280,154,"Flying,Water","Rain-Dish,Drizzle,Keen-Eye",65,70,95,100,50,60
280,Ralts,4,66,40,"Fairy,Psychic","Telepathy,Trace,Synchronize",40,35,45,25,25,28
281,Kirlia,8,202,97,"Fairy,Psychic","Telepathy,Trace,Synchronize",50,55,65,35,35,38
282,Gardevoir,16,484,233,"Fairy,Psychic","Telepathy,Trace,Synchronize",80,115,125,65,65,68
283,Surskit,5,17,54,"Water,Bug","Rain-Dish,Swift-Swim",65,52,50,32,30,40
284,Masquerain,8,36,159,"Flying,Bug","Unnerve,Intimidate",80,82,100,62,60,70
285,Shroomish,4,45,59,Grass,"Quick-Feet,Poison-Heal,Effect-Spore",35,60,40,60,40,60
286,Breloom,12,392,161,"Fighting,Grass","Technician,Poison-Heal,Effect-Spore",70,60,60,80,130,60
287,Slakoth,8,240,56,Normal,Truant,30,35,35,60,60,60
288,Vigoroth,14,465,154,Normal,Vital-Spirit,90,55,55,80,80,80
289,Slaking,20,1305,252,Normal,Truant,100,65,95,100,160,150
290,Nincada,5,55,53,"Ground,Bug","Run-Away,Compound-Eyes",40,30,30,90,45,31
291,Ninjask,8,120,160,"Flying,Bug","Infiltrator,Speed-Boost",160,50,50,45,90,61
292,Shedinja,8,12,83,"Ghost,Bug",Wonder-Guard,40,30,30,45,90,1
293,Whismur,6,163,48,Normal,"Rattled,Soundproof",28,23,51,23,51,64
294,Loudred,10,405,126,Normal,"Scrappy,Soundproof",48,43,71,43,71,84
295,Exploud,15,840,221,Normal,"Scrappy,Soundproof",68,73,91,63,91,104
296,Makuhita,10,864,47,Fighting,"Sheer-Force,Guts,Thick-Fat",25,30,20,30,60,72
297,Hariyama,23,2538,166,Fighting,"Sheer-Force,Guts,Thick-Fat",50,60,40,60,120,144
298,Azurill,2,20,38,"Fairy,Normal","Sap-Sipper,Huge-Power,Thick-Fat",20,40,20,40,20,50
299,Nosepass,10,970,75,Rock,"Sand-Force,Magnet-Pull,Sturdy",30,90,45,135,45,30
300,Skitty,6,110,52,Normal,"Wonder-Skin,Normalize,Cute-Charm",50,35,35,45,45,50
301,Delcatty,11,326,140,Normal,"Wonder-Skin,Normalize,Cute-Charm",90,55,55,65,65,70
302,Sableye,5,110,133,"Ghost,Dark","Prankster,Stall,Keen-Eye",50,65,65,75,75,50
303,Mawile,6,115,133,"Fairy,Steel","Sheer-Force,Intimidate,Hyper-Cutter",50,55,55,85,85,50
304,Aron,4,600,66,"Rock,Steel","Heavy-Metal,Rock-Head,Sturdy",30,40,40,100,70,50
305,Lairon,9,1200,151,"Rock,Steel","Heavy-Metal,Rock-Head,Sturdy",40,50,50,140,90,60
306,Aggron,21,3600,239,"Rock,Steel","Heavy-Metal,Rock-Head,Sturdy",50,60,60,180,110,70
307,Meditite,6,112,56,"Psychic,Fighting","Telepathy,Pure-Power",60,55,40,55,40,30
308,Medicham,13,315,144,"Psychic,Fighting","Telepathy,Pure-Power",80,75,60,75,60,60
309,Electrike,6,152,59,Electric,"Minus,Lightning-Rod,Static",65,40,65,40,45,40
310,Manectric,15,402,166,Electric,"Minus,Lightning-Rod,Static",105,60,105,60,75,70
311,Plusle,4,42,142,Electric,"Lightning-Rod,Plus",95,75,85,40,50,60
312,Minun,4,42,142,Electric,"Volt-Absorb,Minus",95,85,75,50,40,60
313,Volbeat,7,177,151,Bug,"Prankster,Swarm,Illuminate",85,85,47,75,73,65
314,Illumise,6,177,151,Bug,"Prankster,Tinted-Lens,Oblivious",85,85,73,75,47,65
315,Roselia,3,20,140,"Poison,Grass","Leaf-Guard,Poison-Point,Natural-Cure",65,80,100,45,60,50
316,Gulpin,4,103,60,Poison,"Gluttony,Sticky-Hold,Liquid-Ooze",40,53,43,53,43,70
317,Swalot,17,800,163,Poison,"Gluttony,Sticky-Hold,Liquid-Ooze",55,83,73,83,73,100
318,Carvanha,8,208,61,"Dark,Water","Speed-Boost,Rough-Skin",65,20,65,20,90,45
319,Sharpedo,18,888,161,"Dark,Water","Speed-Boost,Rough-Skin",95,40,95,40,120,70
320,Wailmer,20,1300,80,Water,"Pressure,Oblivious,Water-Veil",60,35,70,35,70,130
321,Wailord,145,3980,175,Water,"Pressure,Oblivious,Water-Veil",60,45,90,45,90,170
322,Numel,7,240,61,"Ground,Fire","Own-Tempo,Simple,Oblivious",35,45,65,40,60,60
323,Camerupt,19,2200,161,"Ground,Fire","Anger-Point,Solid-Rock,Magma-Armor",40,75,105,70,100,70
324,Torkoal,5,804,165,Fire,"Shell-Armor,Drought,White-Smoke",20,70,85,140,85,70
325,Spoink,7,306,66,Psychic,"Gluttony,Own-Tempo,Thick-Fat",60,80,70,35,25,60
326,Grumpig,9,715,165,Psychic,"Gluttony,Own-Tempo,Thick-Fat",80,110,90,65,45,80
327,Spinda,11,50,126,Normal,"Contrary,Tangled-Feet,Own-Tempo",60,60,60,60,60,60
328,Trapinch,7,150,58,Ground,"Sheer-Force,Arena-Trap,Hyper-Cutter",10,45,45,45,100,45
329,Vibrava,11,153,119,"Dragon,Ground",Levitate,70,50,50,50,70,50
330,Flygon,20,820,234,"Dragon,Ground",Levitate,100,80,80,80,100,80
331,Cacnea,4,513,67,Grass,"Water-Absorb,Sand-Veil",35,40,85,40,85,50
332,Cacturne,13,774,166,"Dark,Grass","Water-Absorb,Sand-Veil",55,60,115,60,115,70
333,Swablu,4,12,62,"Flying,Normal","Cloud-Nine,Natural-Cure",50,75,40,60,40,45
334,Altaria,11,206,172,"Flying,Dragon","Cloud-Nine,Natural-Cure",80,105,70,90,70,75
335,Zangoose,13,403,160,Normal,"Toxic-Boost,Immunity",90,60,60,60,115,73
336,Seviper,27,525,160,Poison,"Infiltrator,Shed-Skin",65,60,100,60,100,73
337,Lunatone,10,1680,161,"Psychic,Rock",Levitate,70,85,95,65,55,90
338,Solrock,12,1540,161,"Psychic,Rock",Levitate,70,65,55,85,95,90
339,Barboach,4,19,58,"Ground,Water","Hydration,Anticipation,Oblivious",60,41,46,43,48,50
340,Whiscash,9,236,164,"Ground,Water","Hydration,Anticipation,Oblivious",60,71,76,73,78,110
341,Corphish,6,115,62,Water,"Adaptability,Shell-Armor,Hyper-Cutter",35,35,50,65,80,43
342,Crawdaunt,11,328,164,"Dark,Water","Adaptability,Shell-Armor,Hyper-Cutter",55,55,90,85,120,63
343,Baltoy,5,215,60,"Psychic,Ground",Levitate,55,70,40,55,40,40
344,Claydol,15,1080,175,"Psychic,Ground",Levitate,75,120,70,105,70,60
345,Lileep,10,238,71,"Grass,Rock","Storm-Drain,Suction-Cups",23,87,61,77,41,66
346,Cradily,15,604,173,"Grass,Rock","Storm-Drain,Suction-Cups",43,107,81,97,81,86
347,Anorith,7,125,71,"Bug,Rock","Swift-Swim,Battle-Armor",75,50,40,50,95,45
348,Armaldo,15,682,173,"Bug,Rock","Swift-Swim,Battle-Armor",45,80,70,100,125,75
349,Feebas,6,74,40,Water,"Adaptability,Oblivious,Swift-Swim",80,55,10,20,15,20
350,Milotic,62,1620,189,Water,"Cute-Charm,Competitive,Marvel-Scale",81,125,100,79,60,95
351,Castform,3,8,147,Normal,Forecast,70,70,70,70,70,70
352,Kecleon,10,220,154,Normal,"Protean,Color-Change",40,120,60,70,90,60
353,Shuppet,6,23,59,Ghost,"Cursed-Body,Frisk,Insomnia",45,33,63,35,75,44
354,Banette,11,125,159,Ghost,"Cursed-Body,Frisk,Insomnia",65,63,83,65,115,64
355,Duskull,8,150,59,Ghost,"Frisk,Levitate",25,90,30,90,40,20
356,Dusclops,16,306,159,Ghost,"Frisk,Pressure",25,130,60,130,70,40
357,Tropius,20,1000,161,"Flying,Grass","Harvest,Solar-Power,Chlorophyll",51,87,72,83,68,99
358,Chimecho,6,10,159,Psychic,Levitate,65,90,95,80,50,75
359,Absol,12,470,163,Dark,"Justified,Super-Luck,Pressure",75,60,75,60,130,65
360,Wynaut,6,140,52,Psychic,"Telepathy,Shadow-Tag",23,48,23,48,23,95
361,Snorunt,7,168,60,Ice,"Moody,Ice-Body,Inner-Focus",50,50,50,50,50,50
362,Glalie,15,2565,168,Ice,"Moody,Ice-Body,Inner-Focus",80,80,80,80,80,80
363,Spheal,8,395,58,"Water,Ice","Oblivious,Ice-Body,Thick-Fat",25,50,55,50,40,70
364,Sealeo,11,876,144,"Water,Ice","Oblivious,Ice-Body,Thick-Fat",45,70,75,70,60,90
365,Walrein,14,1506,239,"Water,Ice","Oblivious,Ice-Body,Thick-Fat",65,90,95,90,80,110
366,Clamperl,4,525,69,Water,"Rattled,Shell-Armor",32,55,74,85,64,35
367,Huntail,17,270,170,Water,"Water-Veil,Swift-Swim",52,75,94,105,104,55
368,Gorebyss,18,226,170,Water,"Hydration,Swift-Swim",52,75,114,105,84,55
369,Relicanth,10,234,170,"Rock,Water","Sturdy,Rock-Head,Swift-Swim",55,65,45,130,90,100
370,Luvdisc,6,87,116,Water,"Hydration,Swift-Swim",97,65,40,55,30,43
371,Bagon,6,421,60,Dragon,"Sheer-Force,Rock-Head",50,30,40,60,75,45
372,Shelgon,11,1105,147,Dragon,"Overcoat,Rock-Head",50,50,60,100,95,65
373,Salamence,15,1026,270,"Flying,Dragon","Moxie,Intimidate",100,80,110,80,135,95
374,Beldum,6,952,60,"Psychic,Steel","Light-Metal,Clear-Body",30,60,35,80,55,40
375,Metang,12,2025,147,"Psychic,Steel","Light-Metal,Clear-Body",50,80,55,100,75,60
376,Metagross,16,5500,270,"Psychic,Steel","Light-Metal,Clear-Body",70,90,95,130,135,80
377,Regirock,17,2300,261,Rock,"Sturdy,Clear-Body",50,100,50,200,100,80
378,Regice,18,1750,261,Ice,"Ice-Body,Clear-Body",50,200,100,100,50,80
379,Registeel,19,2050,261,Steel,"Light-Metal,Clear-Body",50,150,75,150,75,80
380,Latias,14,400,270,"Psychic,Dragon",Levitate,110,130,110,90,80,80
381,Latios,20,600,270,"Psychic,Dragon",Levitate,110,110,130,80,90,80
382,Kyogre,45,3520,302,Water,Drizzle,90,140,150,90,100,100
383,Groudon,35,9500,302,Ground,Drought,90,90,100,140,150,100
384,Rayquaza,70,2065,306,"Flying,Dragon",Air-Lock,95,90,150,90,150,105
385,Jirachi,3,11,270,"Psychic,Steel",Serene-Grace,100,100,100,100,100,100
386,Deoxys-Normal,17,608,270,Psychic,Pressure,150,50,150,50,150,50
387,Turtwig,4,102,64,Grass,"Shell-Armor,Overgrow",31,55,45,64,68,55
388,Grotle,11,970,142,Grass,"Shell-Armor,Overgrow",36,65,55,85,89,75
389,Torterra,22,3100,236,"Ground,Grass","Shell-Armor,Overgrow",56,85,75,105,109,95
390,Chimchar,5,62,62,Fire,"Iron-Fist,Blaze",61,44,58,44,58,44
391,Monferno,9,220,142,"Fighting,Fire","Iron-Fist,Blaze",81,52,78,52,78,64
392,Infernape,12,550,240,"Fighting,Fire","Iron-Fist,Blaze",108,71,104,71,104,76
393,Piplup,4,52,63,Water,"Defiant,Torrent",40,56,61,53,51,53
394,Prinplup,8,230,142,Water,"Defiant,Torrent",50,76,81,68,66,64
395,Empoleon,17,845,239,"Steel,Water","Defiant,Torrent",60,101,111,88,86,84
396,Starly,3,20,49,"Flying,Normal","Reckless,Keen-Eye",60,30,30,30,55,40
397,Staravia,6,155,119,"Flying,Normal","Reckless,Intimidate",80,40,40,50,75,55
398,Staraptor,12,249,218,"Flying,Normal","Reckless,Intimidate",100,60,50,70,120,85
399,Bidoof,5,200,50,Normal,"Moody,Unaware,Simple",31,40,35,40,45,59
400,Bibarel,10,315,144,"Water,Normal","Moody,Unaware,Simple",71,60,55,60,85,79
401,Kricketot,3,22,39,Bug,"Run-Away,Shed-Skin",25,41,25,41,25,37
402,Kricketune,10,255,134,Bug,"Technician,Swarm",65,51,55,51,85,77
403,Shinx,5,95,53,Electric,"Guts,Intimidate,Rivalry",45,34,40,34,65,45
404,Luxio,9,305,127,Electric,"Guts,Intimidate,Rivalry",60,49,60,49,85,60
405,Luxray,14,420,235,Electric,"Guts,Intimidate,Rivalry",70,79,95,79,120,80
406,Budew,2,12,56,"Poison,Grass","Leaf-Guard,Poison-Point,Natural-Cure",55,70,50,35,30,40
407,Roserade,9,145,232,"Poison,Grass","Technician,Poison-Point,Natural-Cure",90,105,125,65,70,60
408,Cranidos,9,315,70,Rock,"Sheer-Force,Mold-Breaker",58,30,30,40,125,67
409,Rampardos,16,1025,173,Rock,"Sheer-Force,Mold-Breaker",58,50,65,60,165,97
410,Shieldon,5,570,70,"Steel,Rock","Soundproof,Sturdy",30,88,42,118,42,30
411,Bastiodon,13,1495,173,"Steel,Rock","Soundproof,Sturdy",30,138,47,168,52,60
412,Burmy,2,34,45,Bug,"Overcoat,Shed-Skin",36,45,29,45,29,40
413,Wormadam-Plant,5,65,148,"Grass,Bug","Overcoat,Anticipation",36,105,79,85,59,60
414,Mothim,9,233,148,"Flying,Bug","Tinted-Lens,Swarm",66,50,94,50,94,70
415,Combee,3,55,49,"Flying,Bug","Hustle,Honey-Gather",70,42,30,42,30,30
416,Vespiquen,12,385,166,"Flying,Bug","Unnerve,Pressure",40,102,80,102,80,70
417,Pachirisu,4,39,142,Electric,"Volt-Absorb,Pickup,Run-Away",95,90,45,70,45,60
418,Buizel,7,295,66,Water,"Water-Veil,Swift-Swim",85,30,60,35,65,55
419,Floatzel,11,335,173,Water,"Water-Veil,Swift-Swim",115,50,85,55,105,85
420,Cherubi,4,33,55,Grass,Chlorophyll,35,53,62,45,35,45
421,Cherrim,5,93,158,Grass,Flower-Gift,85,78,87,70,60,70
422,Shellos,3,63,65,Water,"Sand-Force,Storm-Drain,Sticky-Hold",34,62,57,48,48,76
423,Gastrodon,9,299,166,"Ground,Water","Sand-Force,Storm-Drain,Sticky-Hold",39,82,92,68,83,111
424,Ambipom,12,203,169,Normal,"Skill-Link,Pickup,Technician",115,66,60,66,100,75
425,Drifloon,4,12,70,"Flying,Ghost","Flare-Boost,Unburden,Aftermath",70,44,60,34,50,90
426,Drifblim,12,150,174,"Flying,Ghost","Flare-Boost,Unburden,Aftermath",80,54,90,44,80,150
427,Buneary,4,55,70,Normal,"Limber,Klutz,Run-Away",85,56,44,44,66,55
428,Lopunny,12,333,168,Normal,"Limber,Klutz,Cute-Charm",105,96,54,84,76,65
429,Mismagius,9,44,173,Ghost,Levitate,105,105,105,60,60,60
430,Honchkrow,9,273,177,"Flying,Dark","Moxie,Super-Luck,Insomnia",71,52,105,52,125,100
431,Glameow,5,39,62,Normal,"Keen-Eye,Own-Tempo,Limber",85,37,42,42,55,49
432,Purugly,10,438,158,Normal,"Defiant,Own-Tempo,Thick-Fat",112,59,64,64,82,71
433,Chingling,2,6,57,Psychic,Levitate,45,50,65,50,30,45
434,Stunky,4,192,66,"Dark,Poison","Keen-Eye,Aftermath,Stench",74,41,41,47,63,63
435,Skuntank,10,380,168,"Dark,Poison","Keen-Eye,Aftermath,Stench",84,61,71,67,93,103
436,Bronzor,5,605,60,"Psychic,Steel","Heavy-Metal,Heatproof,Levitate",23,86,24,86,24,57
437,Bronzong,13,1870,175,"Psychic,Steel","Heavy-Metal,Heatproof,Levitate",33,116,79,116,89,67
438,Bonsly,5,150,58,Rock,"Rattled,Rock-Head,Sturdy",10,45,10,95,80,50
439,Mime-Jr,6,130,62,"Fairy,Psychic","Technician,Filter,Soundproof",60,90,70,45,25,20
440,Happiny,6,244,110,Normal,"Friend-Guard,Serene-Grace,Natural-Cure",30,65,15,5,5,100
441,Chatot,5,19,144,"Flying,Normal","Big-Pecks,Tangled-Feet,Keen-Eye",91,42,92,45,65,76
442,Spiritomb,10,1080,170,"Dark,Ghost","Infiltrator,Pressure",35,108,92,108,92,50
443,Gible,7,205,60,"Ground,Dragon","Rough-Skin,Sand-Veil",42,45,40,45,70,58
444,Gabite,14,560,144,"Ground,Dragon","Rough-Skin,Sand-Veil",82,55,50,65,90,68
445,Garchomp,19,950,270,"Ground,Dragon","Rough-Skin,Sand-Veil",102,85,80,95,130,108
446,Munchlax,6,1050,78,Normal,"Gluttony,Thick-Fat,Pickup",5,85,40,40,85,135
447,Riolu,7,202,57,Fighting,"Prankster,Inner-Focus,Steadfast",60,40,35,40,70,40
448,Lucario,12,540,184,"Steel,Fighting","Justified,Inner-Focus,Steadfast",90,70,115,70,110,70
449,Hippopotas,8,495,66,Ground,"Sand-Force,Sand-Stream",32,42,38,78,72,68
450,Hippowdon,20,3000,184,Ground,"Sand-Force,Sand-Stream",47,72,68,118,112,108
451,Skorupi,8,120,66,"Bug,Poison","Keen-Eye,Sniper,Battle-Armor",65,55,30,90,50,40
452,Drapion,13,615,175,"Dark,Poison","Keen-Eye,Sniper,Battle-Armor",95,75,60,110,90,70
453,Croagunk,7,230,60,"Fighting,Poison","Poison-Touch,Dry-Skin,Anticipation",50,40,61,40,61,48
454,Toxicroak,13,444,172,"Fighting,Poison","Poison-Touch,Dry-Skin,Anticipation",85,65,86,65,106,83
455,Carnivine,14,270,159,Grass,Levitate,46,72,90,72,100,74
456,Finneon,4,70,66,Water,"Water-Veil,Storm-Drain,Swift-Swim",66,61,49,56,49,49
457,Lumineon,12,240,161,Water,"Water-Veil,Storm-Drain,Swift-Swim",91,86,69,76,69,69
458,Mantyke,10,650,69,"Flying,Water","Water-Veil,Water-Absorb,Swift-Swim",50,120,60,50,20,45
459,Snover,10,505,67,"Ice,Grass","Soundproof,Snow-Warning",40,60,62,50,62,60
460,Abomasnow,22,1355,173,"Ice,Grass","Soundproof,Snow-Warning",60,85,92,75,92,90
461,Weavile,11,340,179,"Ice,Dark","Pickpocket,Pressure",125,85,45,65,120,70
462,Magnezone,12,1800,241,"Steel,Electric","Analytic,Sturdy,Magnet-Pull",60,90,130,115,70,70
463,Lickilicky,17,1400,180,Normal,"Cloud-Nine,Oblivious,Own-Tempo",50,95,80,95,85,110
464,Rhyperior,24,2828,241,"Rock,Ground","Reckless,Solid-Rock,Lightning-Rod",40,55,55,130,140,115
465,Tangrowth,20,1286,187,Grass,"Regenerator,Leaf-Guard,Chlorophyll",50,50,110,125,100,100
466,Electivire,18,1386,243,Electric,"Vital-Spirit,Motor-Drive",95,85,95,67,123,75
467,Magmortar,16,680,243,Fire,"Vital-Spirit,Flame-Body",83,95,125,67,95,75
468,Togekiss,15,380,245,"Flying,Fairy","Super-Luck,Serene-Grace,Hustle",80,115,120,95,50,85
469,Yanmega,19,515,180,"Flying,Bug","Frisk,Tinted-Lens,Speed-Boost",95,56,116,86,76,86
470,Leafeon,10,255,184,Grass,"Chlorophyll,Leaf-Guard",95,65,60,130,110,65
471,Glaceon,8,259,184,Ice,"Ice-Body,Snow-Cloak",65,95,130,110,60,65
472,Gliscor,20,425,179,"Flying,Ground","Poison-Heal,Sand-Veil,Hyper-Cutter",95,75,45,125,95,75
473,Mamoswine,25,2910,239,"Ground,Ice","Thick-Fat,Snow-Cloak,Oblivious",80,60,70,80,130,110
474,Porygon-Z,9,340,241,Normal,"Analytic,Download,Adaptability",90,75,135,70,80,85
475,Gallade,16,520,233,"Fighting,Psychic","Justified,Steadfast",80,115,65,65,125,68
476,Probopass,14,3400,184,"Steel,Rock","Sand-Force,Magnet-Pull,Sturdy",40,150,75,145,55,60
477,Dusknoir,22,1066,236,Ghost,"Frisk,Pressure",45,135,65,135,100,45
478,Froslass,13,266,168,"Ghost,Ice","Cursed-Body,Snow-Cloak",110,70,80,70,80,70
479,Rotom,3,3,154,"Ghost,Electric",Levitate,91,77,95,77,50,50
480,Uxie,3,3,261,Psychic,Levitate,95,130,75,130,75,75
481,Mesprit,3,3,261,Psychic,Levitate,80,105,105,105,105,80
482,Azelf,3,3,261,Psychic,Levitate,115,70,125,70,125,75
483,Dialga,54,6830,306,"Dragon,Steel","Telepathy,Pressure",90,100,150,120,120,100
484,Palkia,42,3360,306,"Dragon,Water","Telepathy,Pressure",100,120,150,100,120,90
485,Heatran,17,4300,270,"Steel,Fire","Flame-Body,Flash-Fire",77,106,130,106,90,91
486,Regigigas,37,4200,302,Normal,Slow-Start,100,110,80,110,160,110
487,Giratina-Altered,45,7500,306,"Dragon,Ghost","Telepathy,Pressure",90,120,100,120,100,150
488,Cresselia,15,856,270,Psychic,Levitate,85,130,75,120,70,120
489,Phione,4,31,216,Water,Hydration,80,80,80,80,80,80
490,Manaphy,3,14,270,Water,Hydration,100,100,100,100,100,100
491,Darkrai,15,505,270,Dark,Bad-Dreams,125,90,135,90,90,70
492,Shaymin-Land,2,21,270,Grass,Natural-Cure,100,100,100,100,100,100
493,Arceus,32,3200,324,Normal,Multitype,120,120,120,120,120,120
494,Victini,4,40,270,"Fire,Psychic",Victory-Star,100,100,100,100,100,100
495,Snivy,6,81,62,Grass,"Contrary,Overgrow",63,55,45,55,45,45
496,Servine,8,160,145,Grass,"Contrary,Overgrow",83,75,60,75,60,60
497,Serperior,33,630,238,Grass,"Contrary,Overgrow",113,95,75,95,75,75
498,Tepig,5,99,62,Fire,"Thick-Fat,Blaze",45,45,45,45,63,65
499,Pignite,10,555,146,"Fighting,Fire","Thick-Fat,Blaze",55,55,70,55,93,90
500,Emboar,16,1500,238,"Fighting,Fire","Reckless,Blaze",65,65,100,65,123,110
501,Oshawott,5,59,62,Water,"Shell-Armor,Torrent",45,45,63,45,55,55
502,Dewott,8,245,145,Water,"Shell-Armor,Torrent",60,60,83,60,75,75
503,Samurott,15,946,238,Water,"Shell-Armor,Torrent",70,70,108,85,100,95
504,Patrat,5,116,51,Normal,"Analytic,Keen-Eye,Run-Away",42,39,35,39,55,45
505,Watchog,11,270,147,Normal,"Analytic,Keen-Eye,Illuminate",77,69,60,69,85,60
506,Lillipup,4,41,55,Normal,"Run-Away,Pickup,Vital-Spirit",55,45,25,45,60,45
507,Herdier,9,147,130,Normal,"Scrappy,Sand-Rush,Intimidate",60,65,35,65,80,65
508,Stoutland,12,610,225,Normal,"Scrappy,Sand-Rush,Intimidate",80,90,45,90,110,85
509,Purrloin,4,101,56,Dark,"Prankster,Unburden,Limber",66,37,50,37,50,41
510,Liepard,11,375,156,Dark,"Prankster,Unburden,Limber",106,50,88,50,88,64
511,Pansage,6,105,63,Grass,"Overgrow,Gluttony",64,48,53,48,53,50
512,Simisage,11,305,174,Grass,"Overgrow,Gluttony",101,63,98,63,98,75
513,Pansear,6,110,63,Fire,"Blaze,Gluttony",64,48,53,48,53,50
514,Simisear,10,280,174,Fire,"Blaze,Gluttony",101,63,98,63,98,75
515,Panpour,6,135,63,Water,"Torrent,Gluttony",64,48,53,48,53,50
516,Simipour,10,290,174,Water,"Torrent,Gluttony",101,63,98,63,98,75
517,Munna,6,233,58,Psychic,"Telepathy,Synchronize,Forewarn",24,55,67,45,25,76
518,Musharna,11,605,170,Psychic,"Telepathy,Synchronize,Forewarn",29,95,107,85,55,116
519,Pidove,3,21,53,"Flying,Normal","Rivalry,Super-Luck,Big-Pecks",43,30,36,50,55,50
520,Tranquill,6,150,125,"Flying,Normal","Rivalry,Super-Luck,Big-Pecks",65,42,50,62,77,62
521,Unfezant,12,290,220,"Flying,Normal","Rivalry,Super-Luck,Big-Pecks",93,55,65,80,115,80
522,Blitzle,8,298,59,Electric,"Sap-Sipper,Motor-Drive,Lightning-Rod",76,32,50,32,60,45
523,Zebstrika,16,795,174,Electric,"Sap-Sipper,Motor-Drive,Lightning-Rod",116,63,80,63,100,75
524,Roggenrola,4,180,56,Rock,"Sand-Force,Weak-Armor,Sturdy",15,25,25,85,75,55
525,Boldore,9,1020,137,Rock,"Sand-Force,Weak-Armor,Sturdy",20,40,50,105,105,70
526,Gigalith,17,2600,232,Rock,"Sand-Force,Sand-Stream,Sturdy",25,80,60,130,135,85
527,Woobat,4,21,65,"Flying,Psychic","Simple,Klutz,Unaware",72,43,55,43,45,65
528,Swoobat,9,105,149,"Flying,Psychic","Simple,Klutz,Unaware",114,55,77,55,57,67
529,Drilbur,3,85,66,Ground,"Mold-Breaker,Sand-Force,Sand-Rush",68,45,30,40,85,60
530,Excadrill,7,404,178,"Steel,Ground","Mold-Breaker,Sand-Force,Sand-Rush",88,65,50,60,135,110
531,Audino,11,310,390,Normal,"Klutz,Regenerator,Healer",50,86,60,86,60,103
532,Timburr,6,125,61,Fighting,"Iron-Fist,Sheer-Force,Guts",35,35,25,55,80,75
533,Gurdurr,12,400,142,Fighting,"Iron-Fist,Sheer-Force,Guts",40,50,40,85,105,85
534,Conkeldurr,14,870,227,Fighting,"Iron-Fist,Sheer-Force,Guts",45,65,55,95,140,105
535,Tympole,5,45,59,Water,"Water-Absorb,Hydration,Swift-Swim",64,40,50,40,50,50
536,Palpitoad,8,170,134,"Ground,Water","Water-Absorb,Hydration,Swift-Swim",69,55,65,55,65,75
537,Seismitoad,15,620,229,"Ground,Water","Water-Absorb,Poison-Touch,Swift-Swim",74,75,85,75,95,105
538,Throh,13,555,163,Fighting,"Mold-Breaker,Inner-Focus,Guts",45,85,30,85,100,120
539,Sawk,14,510,163,Fighting,"Mold-Breaker,Inner-Focus,Sturdy",85,75,30,75,125,75
540,Sewaddle,3,25,62,"Grass,Bug","Overcoat,Chlorophyll,Swarm",42,60,40,70,53,45
541,Swadloon,5,73,133,"Grass,Bug","Overcoat,Chlorophyll,Leaf-Guard",42,80,50,90,63,55
542,Leavanny,12,205,225,"Grass,Bug","Overcoat,Chlorophyll,Swarm",92,80,70,80,103,75
543,Venipede,4,53,52,"Poison,Bug","Speed-Boost,Swarm,Poison-Point",57,39,30,59,45,30
544,Whirlipede,12,585,126,"Poison,Bug","Speed-Boost,Swarm,Poison-Point",47,79,40,99,55,40
545,Scolipede,25,2005,218,"Poison,Bug","Speed-Boost,Swarm,Poison-Point",112,69,55,89,100,60
546,Cottonee,3,6,56,"Fairy,Grass","Chlorophyll,Infiltrator,Prankster",66,50,37,60,27,40
547,Whimsicott,7,66,168,"Fairy,Grass","Chlorophyll,Infiltrator,Prankster",116,75,77,85,67,60
548,Petilil,5,66,56,Grass,"Leaf-Guard,Own-Tempo,Chlorophyll",30,50,70,50,35,45
549,Lilligant,11,163,168,Grass,"Leaf-Guard,Own-Tempo,Chlorophyll",90,75,110,75,60,70
550,Basculin-Red-Striped,10,180,161,Water,"Mold-Breaker,Adaptability,Reckless",98,55,80,65,92,70
551,Sandile,7,152,58,"Dark,Ground","Anger-Point,Moxie,Intimidate",65,35,35,35,72,50
552,Krokorok,10,334,123,"Dark,Ground","Anger-Point,Moxie,Intimidate",74,45,45,45,82,60
553,Krookodile,15,963,234,"Dark,Ground","Anger-Point,Moxie,Intimidate",92,70,65,80,117,95
554,Darumaka,6,375,63,Fire,"Inner-Focus,Hustle",50,45,15,45,90,70
555,Darmanitan-Standard,13,929,168,Fire,"Zen-Mode,Sheer-Force",95,55,30,55,140,105
556,Maractus,10,280,161,Grass,"Storm-Drain,Chlorophyll,Water-Absorb",60,67,106,67,86,75
557,Dwebble,3,145,65,"Rock,Bug","Weak-Armor,Shell-Armor,Sturdy",55,35,35,85,65,50
558,Crustle,14,2000,170,"Rock,Bug","Weak-Armor,Shell-Armor,Sturdy",45,75,65,125,105,70
559,Scraggy,6,118,70,"Fighting,Dark","Intimidate,Moxie,Shed-Skin",48,70,35,70,75,50
560,Scrafty,11,300,171,"Fighting,Dark","Intimidate,Moxie,Shed-Skin",58,115,45,115,90,65
561,Sigilyph,14,140,172,"Flying,Psychic","Tinted-Lens,Magic-Guard,Wonder-Skin",97,80,103,80,58,72
562,Yamask,5,15,61,Ghost,Mummy,30,65,55,85,30,38
563,Cofagrigus,17,765,169,Ghost,Mummy,30,105,95,145,50,58
564,Tirtouga,7,165,71,"Rock,Water","Swift-Swim,Sturdy,Solid-Rock",22,45,53,103,78,54
565,Carracosta,12,810,173,"Rock,Water","Swift-Swim,Sturdy,Solid-Rock",32,65,83,133,108,74
566,Archen,5,95,71,"Flying,Rock",Defeatist,70,45,74,45,112,55
567,Archeops,14,320,177,"Flying,Rock",Defeatist,110,65,112,65,140,75
568,Trubbish,6,310,66,Poison,"Aftermath,Sticky-Hold,Stench",65,62,40,62,50,50
569,Garbodor,19,1073,166,Poison,"Aftermath,Weak-Armor,Stench",75,82,60,82,95,80
570,Zorua,7,125,66,Dark,Illusion,65,40,80,40,65,40
571,Zoroark,16,811,179,Dark,Illusion,105,60,120,60,105,60
572,Minccino,4,58,60,Normal,"Skill-Link,Technician,Cute-Charm",75,40,40,40,50,55
573,Cinccino,5,75,165,Normal,"Skill-Link,Technician,Cute-Charm",115,60,65,60,95,75
574,Gothita,4,58,58,Psychic,"Shadow-Tag,Competitive,Frisk",45,65,55,50,30,45
575,Gothorita,7,180,137,Psychic,"Shadow-Tag,Competitive,Frisk",55,85,75,70,45,60
576,Gothitelle,15,440,221,Psychic,"Shadow-Tag,Competitive,Frisk",65,110,95,95,55,70
577,Solosis,3,10,58,Psychic,"Regenerator,Magic-Guard,Overcoat",20,50,105,40,30,45
578,Duosion,6,80,130,Psychic,"Regenerator,Magic-Guard,Overcoat",30,60,125,50,40,65
579,Reuniclus,10,201,221,Psychic,"Regenerator,Magic-Guard,Overcoat",30,85,125,75,65,110
580,Ducklett,5,55,61,"Flying,Water","Hydration,Big-Pecks,Keen-Eye",55,50,44,50,44,62
581,Swanna,13,242,166,"Flying,Water","Hydration,Big-Pecks,Keen-Eye",98,63,87,63,87,75
582,Vanillite,4,57,61,Ice,"Weak-Armor,Snow-Cloak,Ice-Body",44,60,65,50,50,36
583,Vanillish,11,410,138,Ice,"Weak-Armor,Snow-Cloak,Ice-Body",59,75,80,65,65,51
584,Vanilluxe,13,575,241,Ice,"Weak-Armor,Snow-Warning,Ice-Body",79,95,110,85,95,71
585,Deerling,6,195,67,"Grass,Normal","Serene-Grace,Sap-Sipper,Chlorophyll",75,50,40,50,60,60
586,Sawsbuck,19,925,166,"Grass,Normal","Serene-Grace,Sap-Sipper,Chlorophyll",95,70,60,70,100,80
587,Emolga,4,50,150,"Flying,Electric","Motor-Drive,Static",103,60,75,60,75,55
588,Karrablast,5,59,63,Bug,"No-Guard,Shed-Skin,Swarm",60,45,40,45,75,50
589,Escavalier,10,330,173,"Steel,Bug","Overcoat,Shell-Armor,Swarm",20,105,60,105,135,70
590,Foongus,2,10,59,"Poison,Grass","Regenerator,Effect-Spore",15,55,55,45,55,69
591,Amoonguss,6,105,162,"Poison,Grass","Regenerator,Effect-Spore",30,80,85,70,85,114
592,Frillish,12,330,67,"Ghost,Water","Damp,Cursed-Body,Water-Absorb",40,85,65,50,40,55
593,Jellicent,22,1350,168,"Ghost,Water","Damp,Cursed-Body,Water-Absorb",60,105,85,70,60,100
594,Alomomola,12,316,165,Water,"Regenerator,Hydration,Healer",65,45,40,80,75,165
595,Joltik,1,6,64,"Electric,Bug","Swarm,Unnerve,Compound-Eyes",65,50,57,50,47,50
596,Galvantula,8,143,165,"Electric,Bug","Swarm,Unnerve,Compound-Eyes",108,60,97,60,77,70
597,Ferroseed,6,188,61,"Steel,Grass",Iron-Barbs,10,86,24,91,50,44
598,Ferrothorn,10,1100,171,"Steel,Grass","Anticipation,Iron-Barbs",20,116,54,131,94,74
599,Klink,3,210,60,Steel,"Clear-Body,Minus,Plus",30,60,45,70,55,40
600,Klang,6,510,154,Steel,"Clear-Body,Minus,Plus",50,85,70,95,80,60
601,Klinklang,6,810,234,Steel,"Clear-Body,Minus,Plus",90,85,70,115,100,60
602,Tynamo,2,3,55,Electric,Levitate,60,40,45,40,55,35
603,Eelektrik,12,220,142,Electric,Levitate,40,70,75,70,85,65
604,Eelektross,21,805,232,Electric,Levitate,50,80,105,80,115,85
605,Elgyem,5,90,67,Psychic,"Analytic,Synchronize,Telepathy",30,55,85,55,55,55
606,Beheeyem,10,345,170,Psychic,"Analytic,Synchronize,Telepathy",40,95,125,75,75,75
607,Litwick,3,31,55,"Fire,Ghost","Infiltrator,Flame-Body,Flash-Fire",20,55,65,55,30,50
608,Lampent,6,130,130,"Fire,Ghost","Infiltrator,Flame-Body,Flash-Fire",55,60,95,60,40,60
609,Chandelure,10,343,234,"Fire,Ghost","Infiltrator,Flame-Body,Flash-Fire",80,90,145,90,55,60
610,Axew,6,180,64,Dragon,"Unnerve,Mold-Breaker,Rivalry",57,40,30,60,87,46
611,Fraxure,10,360,144,Dragon,"Unnerve,Mold-Breaker,Rivalry",67,50,40,70,117,66
612,Haxorus,18,1055,243,Dragon,"Unnerve,Mold-Breaker,Rivalry",97,70,60,90,147,76
613,Cubchoo,5,85,61,Ice,"Rattled,Slush-Rush,Snow-Cloak",40,40,60,40,70,55
614,Beartic,26,2600,177,Ice,"Swift-Swim,Slush-Rush,Snow-Cloak",50,80,70,80,130,95
615,Cryogonal,11,1480,180,Ice,Levitate,105,135,95,50,50,80
616,Shelmet,4,77,61,Bug,"Overcoat,Shell-Armor,Hydration",25,65,40,85,40,50
617,Accelgor,8,253,173,Bug,"Unburden,Sticky-Hold,Hydration",145,60,100,40,70,80
618,Stunfisk,7,110,165,"Electric,Ground","Sand-Veil,Limber,Static",32,99,81,84,66,109
619,Mienfoo,9,200,70,Fighting,"Reckless,Regenerator,Inner-Focus",65,50,55,50,85,45
620,Mienshao,14,355,179,Fighting,"Reckless,Regenerator,Inner-Focus",105,60,95,60,125,65
621,Druddigon,16,1390,170,Dragon,"Mold-Breaker,Sheer-Force,Rough-Skin",48,90,60,90,120,77
622,Golett,10,920,61,"Ghost,Ground","No-Guard,Klutz,Iron-Fist",35,50,35,50,74,59
623,Golurk,28,3300,169,"Ghost,Ground","No-Guard,Klutz,Iron-Fist",55,80,55,80,124,89
624,Pawniard,5,102,68,"Steel,Dark","Pressure,Inner-Focus,Defiant",60,40,40,70,85,45
625,Bisharp,16,700,172,"Steel,Dark","Pressure,Inner-Focus,Defiant",70,70,60,100,125,65
626,Bouffalant,16,946,172,Normal,"Soundproof,Sap-Sipper,Reckless",55,95,40,95,110,95
627,Rufflet,5,105,70,"Flying,Normal","Hustle,Sheer-Force,Keen-Eye",60,50,37,50,83,70
628,Braviary,15,410,179,"Flying,Normal","Defiant,Sheer-Force,Keen-Eye",80,75,57,75,123,100
629,Vullaby,5,90,74,"Flying,Dark","Weak-Armor,Overcoat,Big-Pecks",60,65,45,75,55,70
630,Mandibuzz,12,395,179,"Flying,Dark","Weak-Armor,Overcoat,Big-Pecks",80,95,55,105,65,110
631,Heatmor,14,580,169,Fire,"White-Smoke,Flash-Fire,Gluttony",65,66,105,66,97,85
632,Durant,3,330,169,"Steel,Bug","Truant,Hustle,Swarm",109,48,48,112,109,58
633,Deino,8,173,60,"Dragon,Dark",Hustle,38,50,45,50,65,52
634,Zweilous,14,500,147,"Dragon,Dark",Hustle,58,70,65,70,85,72
635,Hydreigon,18,1600,270,"Dragon,Dark",Levitate,98,90,125,90,105,92
636,Larvesta,11,288,72,"Fire,Bug","Swarm,Flame-Body",60,55,50,55,85,55
637,Volcarona,16,460,248,"Fire,Bug","Swarm,Flame-Body",100,105,135,65,60,85
638,Cobalion,21,2500,261,"Fighting,Steel",Justified,108,72,90,129,90,91
639,Terrakion,19,2600,261,"Fighting,Rock",Justified,108,90,72,90,129,91
640,Virizion,20,2000,261,"Fighting,Grass",Justified,108,129,90,72,90,91
641,Tornadus-Incarnate,15,630,261,Flying,"Defiant,Prankster",111,80,125,70,115,79
642,Thundurus-Incarnate,15,610,261,"Flying,Electric","Defiant,Prankster",111,80,125,70,115,79
643,Reshiram,32,3300,306,"Fire,Dragon",Turboblaze,90,120,150,100,120,100
644,Zekrom,29,3450,306,"Electric,Dragon",Teravolt,90,100,120,120,150,100
645,Landorus-Incarnate,15,680,270,"Flying,Ground","Sheer-Force,Sand-Force",101,80,115,90,125,89
646,Kyurem,30,3250,297,"Ice,Dragon",Pressure,95,90,130,90,130,125
647,Keldeo-Ordinary,14,485,261,"Fighting,Water",Justified,108,90,129,90,72,91
648,Meloetta-Aria,6,65,270,"Psychic,Normal",Serene-Grace,90,128,128,77,77,100
649,Genesect,15,825,270,"Steel,Bug",Download,99,95,120,95,120,71
650,Chespin,4,90,63,Grass,"Bulletproof,Overgrow",38,45,48,65,61,56
651,Quilladin,7,290,142,Grass,"Bulletproof,Overgrow",57,58,56,95,78,61
652,Chesnaught,16,900,239,"Fighting,Grass","Bulletproof,Overgrow",64,75,74,122,107,88
653,Fennekin,4,94,61,Fire,"Magician,Blaze",60,60,62,40,45,40
654,Braixen,10,145,143,Fire,"Magician,Blaze",73,70,90,58,59,59
655,Delphox,15,390,240,"Psychic,Fire","Magician,Blaze",104,100,114,72,69,75
656,Froakie,3,70,63,Water,"Protean,Torrent",71,44,62,40,56,41
657,Frogadier,6,109,142,Water,"Protean,Torrent",97,56,83,52,63,54
658,Greninja,15,400,239,"Dark,Water","Protean,Torrent",122,71,103,67,95,72
659,Bunnelby,4,50,47,Normal,"Huge-Power,Cheek-Pouch,Pickup",57,36,32,38,36,38
660,Diggersby,10,424,148,"Ground,Normal","Huge-Power,Cheek-Pouch,Pickup",78,77,50,77,56,85
661,Fletchling,3,17,56,"Flying,Normal","Gale-Wings,Big-Pecks",62,38,40,43,50,45
662,Fletchinder,7,160,134,"Flying,Fire","Gale-Wings,Flame-Body",84,52,56,55,73,62
663,Talonflame,12,245,175,"Flying,Fire","Gale-Wings,Flame-Body",126,69,74,71,81,78
664,Scatterbug,3,25,40,Bug,"Friend-Guard,Compound-Eyes,Shield-Dust",35,25,27,40,35,38
665,Spewpa,3,84,75,Bug,"Friend-Guard,Shed-Skin",29,30,27,60,22,45
666,Vivillon,12,170,185,"Flying,Bug","Friend-Guard,Compound-Eyes,Shield-Dust",89,50,90,50,52,80
667,Litleo,6,135,74,"Normal,Fire","Moxie,Unnerve,Rivalry",72,54,73,58,50,62
668,Pyroar,15,815,177,"Normal,Fire","Moxie,Unnerve,Rivalry",106,66,109,72,68,86
669,Flabebe,1,1,61,Fairy,"Symbiosis,Flower-Veil",42,79,61,39,38,44
670,Floette,2,9,130,Fairy,"Symbiosis,Flower-Veil",52,98,75,47,45,54
671,Florges,11,100,248,Fairy,"Symbiosis,Flower-Veil",75,154,112,68,65,78
672,Skiddo,9,310,70,Grass,"Grass-Pelt,Sap-Sipper",52,57,62,48,65,66
673,Gogoat,17,910,186,Grass,"Grass-Pelt,Sap-Sipper",68,81,97,62,100,123
674,Pancham,6,80,70,Fighting,"Scrappy,Mold-Breaker,Iron-Fist",43,48,46,62,82,67
675,Pangoro,21,1360,173,"Dark,Fighting","Scrappy,Mold-Breaker,Iron-Fist",58,71,69,78,124,95
676,Furfrou,12,280,165,Normal,Fur-Coat,102,90,65,60,80,75
677,Espurr,3,35,71,Psychic,"Own-Tempo,Infiltrator,Keen-Eye",68,60,63,54,48,62
678,Meowstic-Male,6,85,163,Psychic,"Prankster,Infiltrator,Keen-Eye",104,81,83,76,48,74
679,Honedge,8,20,65,"Ghost,Steel",No-Guard,28,37,35,100,80,45
680,Doublade,8,45,157,"Ghost,Steel",No-Guard,35,49,45,150,110,59
681,Aegislash-Shield,17,530,234,"Ghost,Steel",Stance-Change,60,150,50,150,50,60
682,Spritzee,2,5,68,Fairy,"Aroma-Veil,Healer",23,65,63,60,52,78
683,Aromatisse,8,155,162,Fairy,"Aroma-Veil,Healer",29,89,99,72,72,101
684,Swirlix,4,35,68,Fairy,"Unburden,Sweet-Veil",49,57,59,66,48,62
685,Slurpuff,8,50,168,Fairy,"Unburden,Sweet-Veil",72,75,85,86,80,82
686,Inkay,4,35,58,"Psychic,Dark","Infiltrator,Suction-Cups,Contrary",45,46,37,53,54,53
687,Malamar,15,470,169,"Psychic,Dark","Infiltrator,Suction-Cups,Contrary",73,75,68,88,92,86
688,Binacle,5,310,61,"Water,Rock","Pickpocket,Sniper,Tough-Claws",50,56,39,67,52,42
689,Barbaracle,13,960,175,"Water,Rock","Pickpocket,Sniper,Tough-Claws",68,86,54,115,105,72
690,Skrelp,5,73,64,"Water,Poison","Adaptability,Poison-Touch,Poison-Point",30,60,60,60,60,50
691,Dragalge,18,815,173,"Dragon,Poison","Adaptability,Poison-Touch,Poison-Point",44,123,97,90,75,65
692,Clauncher,5,83,66,Water,Mega-Launcher,44,63,58,62,53,50
693,Clawitzer,13,353,100,Water,Mega-Launcher,59,89,120,88,73,71
694,Helioptile,5,60,58,"Normal,Electric","Solar-Power,Sand-Veil,Dry-Skin",70,43,61,33,38,44
695,Heliolisk,10,210,168,"Normal,Electric","Solar-Power,Sand-Veil,Dry-Skin",109,94,109,52,55,62
696,Tyrunt,8,260,72,"Dragon,Rock","Sturdy,Strong-Jaw",48,45,45,77,89,58
697,Tyrantrum,25,2700,182,"Dragon,Rock","Rock-Head,Strong-Jaw",71,59,69,119,121,82
698,Amaura,13,252,72,"Ice,Rock","Snow-Warning,Refrigerate",46,63,67,50,59,77
699,Aurorus,27,2250,104,"Ice,Rock","Snow-Warning,Refrigerate",58,92,99,72,77,123
700,Sylveon,10,235,184,Fairy,"Pixilate,Cute-Charm",60,130,110,65,65,95
701,Hawlucha,8,215,175,"Flying,Fighting","Mold-Breaker,Unburden,Limber",118,63,74,75,92,78
702,Dedenne,2,22,151,"Fairy,Electric","Plus,Pickup,Cheek-Pouch",101,67,81,57,58,67
703,Carbink,3,57,100,"Fairy,Rock","Sturdy,Clear-Body",50,150,50,150,50,50
704,Goomy,3,28,60,Dragon,"Gooey,Hydration,Sap-Sipper",40,75,55,35,50,45
705,Sliggoo,8,175,158,Dragon,"Gooey,Hydration,Sap-Sipper",60,113,83,53,75,68
706,Goodra,20,1505,270,Dragon,"Gooey,Hydration,Sap-Sipper",80,150,110,70,100,90
707,Klefki,2,30,165,"Fairy,Steel","Magician,Prankster",75,87,80,91,80,57
708,Phantump,4,70,62,"Grass,Ghost","Harvest,Frisk,Natural-Cure",38,60,50,48,70,43
709,Trevenant,15,710,166,"Grass,Ghost","Harvest,Frisk,Natural-Cure",56,82,65,76,110,85
710,Pumpkaboo-Average,4,50,67,"Grass,Ghost","Insomnia,Frisk,Pickup",51,55,44,70,66,49
711,Gourgeist-Average,9,125,173,"Grass,Ghost","Insomnia,Frisk,Pickup",84,75,58,122,90,65
712,Bergmite,10,995,61,Ice,"Sturdy,Ice-Body,Own-Tempo",28,35,32,85,69,55
713,Avalugg,20,5050,180,Ice,"Sturdy,Ice-Body,Own-Tempo",28,46,44,184,117,95
714,Noibat,5,80,49,"Dragon,Flying","Telepathy,Infiltrator,Frisk",55,40,45,35,30,40
715,Noivern,15,850,187,"Dragon,Flying","Telepathy,Infiltrator,Frisk",123,80,97,80,70,85
716,Xerneas,30,2150,306,Fairy,Fairy-Aura,99,98,131,95,131,126
717,Yveltal,58,2030,306,"Flying,Dark",Dark-Aura,99,98,131,95,131,126
718,Zygarde,50,3050,270,"Ground,Dragon",Aura-Break,95,95,81,121,100,108
719,Diancie,7,88,270,"Fairy,Rock",Clear-Body,50,150,100,150,100,50
720,Hoopa,5,90,270,"Ghost,Psychic",Magician,70,130,150,60,110,80
721,Volcanion,17,1950,270,"Water,Fire",Water-Absorb,70,90,130,120,110,80
722,Rowlet,3,15,64,"Flying,Grass","Long-Reach,Overgrow",42,50,50,55,55,68
723,Dartrix,7,160,147,"Flying,Grass","Long-Reach,Overgrow",52,70,70,75,75,78
724,Decidueye,16,366,239,"Ghost,Grass","Long-Reach,Overgrow",70,100,100,75,107,78
725,Litten,4,43,64,Fire,"Intimidate,Blaze",70,40,60,40,65,45
726,Torracat,7,250,147,Fire,"Intimidate,Blaze",90,50,80,50,85,65
727,Incineroar,18,830,239,"Dark,Fire","Intimidate,Blaze",60,90,80,90,115,95
728,Popplio,4,75,64,Water,"Liquid-Voice,Torrent",40,56,66,54,54,50
729,Brionne,6,175,147,Water,"Liquid-Voice,Torrent",50,81,91,69,69,60
730,Primarina,18,440,239,"Fairy,Water","Liquid-Voice,Torrent",60,116,126,74,74,80
731,Pikipek,3,12,53,"Flying,Normal","Pickup,Skill-Link,Keen-Eye",65,30,30,30,75,35
732,Trumbeak,6,148,124,"Flying,Normal","Pickup,Skill-Link,Keen-Eye",75,50,40,50,85,55
733,Toucannon,11,260,218,"Flying,Normal","Sheer-Force,Skill-Link,Keen-Eye",60,75,75,75,120,80
734,Yungoos,4,60,51,Normal,"Adaptability,Strong-Jaw,Stakeout",45,30,30,30,70,48
735,Gumshoos,7,142,146,Normal,"Adaptability,Strong-Jaw,Stakeout",45,60,55,60,110,88
736,Grubbin,4,44,60,Bug,Swarm,46,45,55,45,62,47
737,Charjabug,5,105,140,"Electric,Bug",Battery,36,75,55,95,82,57
738,Vikavolt,15,450,225,"Electric,Bug",Levitate,43,75,145,90,70,77
739,Crabrawler,6,70,68,Fighting,"Anger-Point,Iron-Fist,Hyper-Cutter",63,47,42,57,82,47
740,Crabominable,17,1800,167,"Ice,Fighting","Anger-Point,Iron-Fist,Hyper-Cutter",43,67,62,77,132,97
741,Oricorio-Baile,6,34,167,"Flying,Fire",Dancer,93,70,98,70,70,75
742,Cutiefly,1,2,61,"Fairy,Bug","Sweet-Veil,Shield-Dust,Honey-Gather",84,40,55,40,45,40
743,Ribombee,2,5,162,"Fairy,Bug","Sweet-Veil,Shield-Dust,Honey-Gather",124,70,95,60,55,60
744,Rockruff,5,92,56,Rock,"Steadfast,Vital-Spirit,Keen-Eye",60,40,30,40,65,45
745,Lycanroc-Midday,8,250,170,Rock,"Steadfast,Sand-Rush,Keen-Eye",112,65,55,65,115,75
746,Wishiwashi-Solo,2,3,61,Water,Schooling,40,25,25,20,20,45
747,Mareanie,4,80,61,"Water,Poison","Regenerator,Limber,Merciless",45,52,43,62,53,50
748,Toxapex,7,145,173,"Water,Poison","Regenerator,Limber,Merciless",35,142,53,152,63,50
749,Mudbray,10,1100,77,Ground,"Inner-Focus,Stamina,Own-Tempo",45,55,45,70,100,70
750,Mudsdale,25,9200,175,Ground,"Inner-Focus,Stamina,Own-Tempo",35,85,55,100,125,100
751,Dewpider,3,40,54,"Bug,Water","Water-Absorb,Water-Bubble",27,72,40,52,40,38
752,Araquanid,18,820,159,"Bug,Water","Water-Absorb,Water-Bubble",42,132,50,92,70,68
753,Fomantis,3,15,50,Grass,"Contrary,Leaf-Guard",35,35,50,35,55,40
754,Lurantis,9,185,168,Grass,"Contrary,Leaf-Guard",45,90,80,90,105,70
755,Morelull,2,15,57,"Fairy,Grass","Rain-Dish,Effect-Spore,Illuminate",15,75,65,55,35,40
756,Shiinotic,10,115,142,"Fairy,Grass","Rain-Dish,Effect-Spore,Illuminate",30,100,90,80,45,60
757,Salandit,6,48,64,"Fire,Poison","Oblivious,Corrosion",77,40,71,40,44,48
758,Salazzle,12,222,168,"Fire,Poison","Oblivious,Corrosion",117,60,111,60,64,68
759,Stufful,5,68,68,"Fighting,Normal","Cute-Charm,Klutz,Fluffy",50,50,45,50,75,70
760,Bewear,21,1350,175,"Fighting,Normal","Unnerve,Klutz,Fluffy",60,60,55,80,125,120
761,Bounsweet,3,32,42,Grass,"Sweet-Veil,Oblivious,Leaf-Guard",32,38,30,38,30,42
762,Steenee,7,82,102,Grass,"Sweet-Veil,Oblivious,Leaf-Guard",62,48,40,48,40,52
763,Tsareena,12,214,230,Grass,"Sweet-Veil,Queenly-Majesty,Leaf-Guard",72,98,50,98,120,72
764,Comfey,1,3,170,Fairy,"Natural-Cure,Triage,Flower-Veil",100,110,82,90,52,51
765,Oranguru,15,760,172,"Psychic,Normal","Symbiosis,Telepathy,Inner-Focus",60,110,90,80,60,90
766,Passimian,20,828,172,Fighting,"Defiant,Receiver",80,60,40,90,120,100
767,Wimpod,5,120,46,"Water,Bug",Wimp-Out,80,30,20,40,35,25
768,Golisopod,20,1080,186,"Water,Bug",Emergency-Exit,40,90,60,140,125,75
769,Sandygast,5,700,64,"Ground,Ghost","Sand-Veil,Water-Compaction",15,45,70,80,55,55
770,Palossand,13,2500,168,"Ground,Ghost","Sand-Veil,Water-Compaction",35,75,100,110,75,85
771,Pyukumuku,3,12,144,Water,"Unaware,Innards-Out",5,130,30,130,60,55
772,Type-Null,19,1205,107,Normal,Battle-Armor,59,95,95,95,95,95
773,Silvally,23,1005,114,Normal,Rks-System,95,95,95,95,95,95
774,Minior-Red-Meteor,3,400,154,"Flying,Rock",Shields-Down,60,100,60,100,60,60
775,Komala,4,199,168,Normal,Comatose,65,95,75,65,115,65
776,Turtonator,20,2120,170,"Dragon,Fire",Shell-Armor,36,85,91,135,78,60
777,Togedemaru,3,33,152,"Steel,Electric","Sturdy,Lightning-Rod,Iron-Barbs",96,73,40,63,98,65
778,Mimikyu-Disguised,2,7,167,"Fairy,Ghost",Disguise,96,105,50,80,90,55
779,Bruxish,9,190,166,"Psychic,Water","Wonder-Skin,Strong-Jaw,Dazzling",92,70,70,70,105,68
780,Drampa,30,1850,170,"Dragon,Normal","Cloud-Nine,Sap-Sipper,Berserk",36,91,135,85,60,78
781,Dhelmise,39,2100,181,"Grass,Ghost",Steelworker,40,90,86,100,131,70
782,Jangmo-O,6,297,60,Dragon,"Overcoat,Soundproof,Bulletproof",45,45,45,65,55,45
783,Hakamo-O,12,470,147,"Fighting,Dragon","Overcoat,Soundproof,Bulletproof",65,70,65,90,75,55
784,Kommo-O,16,782,270,"Fighting,Dragon","Overcoat,Soundproof,Bulletproof",85,105,100,125,110,75
785,Tapu-Koko,18,205,114,"Fairy,Electric","Telepathy,Electric-Surge",130,75,95,85,115,70
786,Tapu-Lele,12,186,114,"Fairy,Psychic","Telepathy,Psychic-Surge",95,115,130,75,85,70
787,Tapu-Bulu,19,455,114,"Fairy,Grass","Telepathy,Grassy-Surge",75,95,85,115,130,70
788,Tapu-Fini,13,212,114,"Fairy,Water","Telepathy,Misty-Surge",85,130,95,115,75,70
789,Cosmog,2,1,40,Psychic,Unaware,37,31,29,31,29,43
790,Cosmoem,1,9999,80,Psychic,Sturdy,37,131,29,131,29,43
791,Solgaleo,34,2300,136,"Steel,Psychic",Full-Metal-Body,97,89,113,107,137,137
792,Lunala,40,1200,136,"Ghost,Psychic",Shadow-Shield,97,107,137,89,113,137
793,Nihilego,12,555,114,"Poison,Rock",Beast-Boost,103,131,127,47,53,109
794,Buzzwole,24,3336,114,"Fighting,Bug",Beast-Boost,79,53,53,139,139,107
795,Pheromosa,18,250,114,"Fighting,Bug",Beast-Boost,151,37,137,37,137,71
796,Xurkitree,38,1000,114,Electric,Beast-Boost,83,71,173,71,89,83
797,Celesteela,92,9999,114,"Flying,Steel",Beast-Boost,61,101,107,103,101,97
798,Kartana,3,1,114,"Steel,Grass",Beast-Boost,109,31,59,131,181,59
799,Guzzlord,55,8880,114,"Dragon,Dark",Beast-Boost,43,53,97,53,101,223
800,Necrozma,24,2300,120,Psychic,Prism-Armor,79,89,127,101,107,97
801,Magearna,10,805,120,"Fairy,Steel",Soul-Heart,65,115,130,115,95,80
802,Marshadow,7,222,120,"Ghost,Fighting",Technician,125,90,90,80,125,90
